Al Bayan,Builtin,macOS 10.
Al Nile,Builtin,macOS 10.
Al Tarikh,Builtin,macOS 10.
American Typewriter,Builtin,macOS 10.
Andale Mono,Builtin,macOS 10.
Apple Braille,Builtin,macOS 10.
Apple Chancery,Builtin,macOS 10.
Apple Color Emoji,Builtin,macOS 10.
Apple SD Gothic Neo,Builtin,macOS 10.
Apple Symbols,Builtin,macOS 10.
AppleGothic,Builtin,macOS 10.
AppleMyungjo,Builtin,macOS 10.
Arial,Builtin,macOS 10.
Arial Black,Builtin,macOS 10.
Arial Hebrew,Builtin,macOS 10.
Arial Hebrew Scholar,Builtin,macOS 10.
Arial Narrow,Builtin,macOS 10.
Arial Rounded MT,Builtin,macOS 10.
Arial Unicode MS,Builtin,macOS 10.
Avenir,Builtin,macOS 10.
Avenir Next,Builtin,macOS 10.
Ayuthaya,Builtin,macOS 10.
Baghdad,Builtin,macOS 10.
Bangla MN,Builtin,macOS 10.
Bangla Sangam MN,Builtin,macOS 10.
Baskerville,Builtin,macOS 10.
Beirut,Builtin,macOS 10.
Big Caslon,Builtin,macOS 10.
Bodoni 72,Builtin,macOS 10.
Bodoni 72 Oldstyle,Builtin,macOS 10.
Bodoni 72 Smallcaps,Builtin,macOS 10.
Bodoni Ornaments,Builtin,macOS 10.
Bradley Hand,Builtin,macOS 10.
Brush Script MT,Builtin,macOS 10.
Chalkboard,Builtin,macOS 10.
Chalkboard SE,Builtin,macOS 10.
Chalkduster,Builtin,macOS 10.
Charter,Builtin,macOS 10.
Cochin,Builtin,macOS 10.
Comic Sans MS,Builtin,macOS 10.
Copperplate,Builtin,macOS 10.
Corsiva Hebrew,Builtin,macOS 10.
Courier,Builtin,macOS 10.
Courier New,Builtin,macOS 10.
Damascus,Builtin,macOS 10.
DecoType Naskh,Builtin,macOS 10.
Devanagari MT,Builtin,macOS 10.
Devanagari Sangam MN,Builtin,macOS 10.
Didot,Builtin,macOS 10.
Diwan Kufi,Builtin,macOS 10.
Diwan Thuluth,Builtin,macOS 10.
DIN Alternate,Builtin,macOS 10.
DIN Condensed,Builtin,macOS 10.
Euphemia UCAS,Builtin,macOS 10.
Farah,Builtin,macOS 10.
Farisi,Builtin,macOS 10.
Futura,Builtin,macOS 10.
GB18030 Bitmap,Builtin,macOS 10.
Geeza Pro,Builtin,macOS 10.
Geneva,Builtin,macOS 10.
Georgia,Builtin,macOS 10.
Gill Sans,Builtin,macOS 10.
Gujarati MT,Builtin,macOS 10.
Gujarati Sangam MN,Builtin,macOS 10.
Gurmukhi MN,Builtin,macOS 10.
Gurmukhi MT,Builtin,macOS 10.
Gurmukhi Sangam MN,Builtin,macOS 10.
Heiti SC,Builtin,macOS 10.
Heiti TC,Builtin,macOS 10.
Helvetica,Builtin,macOS 10.
Helvetica Neue,Builtin,macOS 10.
Herculanum,Builtin,macOS 10.
Hiragino Kaku Gothic StdN,Builtin,macOS 10.
Hiragino Maru Gothic ProN,Builtin,macOS 10.
Hiragino Mincho ProN,Builtin,macOS 10.
Hiragino Sans GB,Builtin,macOS 10.
Hiragino Sans,Builtin,macOS 10.
Hoefler Text,Builtin,macOS 10.
ITF Devanagari,Builtin,macOS 10.
ITF Devanagari Marathi,Builtin,macOS 10.
Impact,Builtin,macOS 10.
InaiMathi,Builtin,macOS 10.
Kailasa,Builtin,macOS 10.
Kannada MN,Builtin,macOS 10.
Kannada Sangam MN,Builtin,macOS 10.
Kefa,Builtin,macOS 10.
Khmer MN,Builtin,macOS 10.
Khmer Sangam MN,Builtin,macOS 10.
Kohinoor Bangla,Builtin,macOS 10.
Kohinoor Devanagari,Builtin,macOS 10.
Kohinoor Telugu,Builtin,macOS 10.
Kokonor,Builtin,macOS 10.
Krungthep,Builtin,macOS 10.
KufiStandardGK,Builtin,macOS 10.
Lao MN,Builtin,macOS 10.
Lao Sangam MN,Builtin,macOS 10.
Lucida Grande,Builtin,macOS 10.
Luminari,Builtin,macOS 10.
Malayalam MN,Builtin,macOS 10.
Malayalam Sangam MN,Builtin,macOS 10.
Marker Felt,Builtin,macOS 10.
Menlo,Builtin,macOS 10.
Microsoft Sans Serif,Builtin,macOS 10.
Mishafi,Builtin,macOS 10.
Mishafi Gold,Builtin,macOS 10.
Monaco,Builtin,macOS 10.
Mshtakan,Builtin,macOS 10.
Muna,Builtin,macOS 10.
Myanmar MN,Builtin,macOS 10.
Myanmar Sangam MN,Builtin,macOS 10.
Nadeem,Builtin,macOS 10.
New Peninim MT,Builtin,macOS 10.
Noteworthy,Builtin,macOS 10.
Noto Nastaliq Urdu,Builtin,macOS 10.
Optima,Builtin,macOS 10.
Oriya MN,Builtin,macOS 10.
Oriya Sangam MN,Builtin,macOS 10.
PT Mono,Builtin,macOS 10.
PT Sans,Builtin,macOS 10.
PT Serif,Builtin,macOS 10.
Palatino,Builtin,macOS 10.
Papyrus,Builtin,macOS 10.
Phosphate,Builtin,macOS 10.
PingFang HK,Builtin,macOS 10.
PingFang SC,Builtin,macOS 10.
PingFang TC,Builtin,macOS 10.
Plantagenet Cherokee,Builtin,macOS 10.
Raanana,Builtin,macOS 10.
Rockwell,Builtin,macOS 10.
STIXGeneral,Builtin,macOS 10.
STIXIntegralsD,Builtin,macOS 10.
STIXIntegralsSm,Builtin,macOS 10.
STIXIntegralsUp,Builtin,macOS 10.
STIXIntegralsUpD,Builtin,macOS 10.
STIXIntegralsUpSm,Builtin,macOS 10.
STIXNonUnicode,Builtin,macOS 10.
STIXSizeFiveSym,Builtin,macOS 10.
STIXSizeFourSym,Builtin,macOS 10.
STIXSizeOneSym,Builtin,macOS 10.
STIXSizeThreeSym,Builtin,macOS 10.
STIXSizeTwoSym,Builtin,macOS 10.
STIXVariants,Builtin,macOS 10.
STSong,Builtin,macOS 10.
Sana,Builtin,macOS 10.
Sathu,Builtin,macOS 10.
Savoye LET,Builtin,macOS 10.
Shree Devanagari 714,Builtin,macOS 10.
SignPainter-HouseScript,Builtin,macOS 10.
Silom,Builtin,macOS 10.
Sinhala MN,Builtin,macOS 10.
Sinhala Sangam MN,Builtin,macOS 10.
Skia,Builtin,macOS 10.
Snell Roundhand,Builtin,macOS 10.
Songti SC,Builtin,macOS 10.
Songti TC,Builtin,macOS 10.
Sukhumvit Set,Builtin,macOS 10.
Symbol,Builtin,macOS 10.
Tahoma,Builtin,macOS 10.
Tamil MN,Builtin,macOS 10.
Tamil Sangam MN,Builtin,macOS 10.
Telugu MN,Builtin,macOS 10.
Telugu Sangam MN,Builtin,macOS 10.
Thonburi,Builtin,macOS 10.
Times,Builtin,macOS 10.
Times New Roman,Builtin,macOS 10.
Times Roman,Builtin,macOS 10.
Trattatello,Builtin,macOS 10.
Trebuchet MS,Builtin,macOS 10.
Verdana,Builtin,macOS 10.
Waseem,Builtin,macOS 10.
Webdings,Builtin,macOS 10.
Wingdings,Builtin,macOS 10.
Wingdings 2,Builtin,macOS 10.
Wingdings 3,Builtin,macOS 10.
Zapf Dingbats,Builtin,macOS 10.
Zapfino,Builtin,macOS 10.
Apple LiGothic,Supplement,macOS 10.
Apple LiSung,Supplement,macOS 10.
Baoli SC,Supplement,macOS 10.
Baoli TC,Supplement,macOS 10.
BiauKai,Supplement,macOS 10.
GungSeo,Supplement,macOS 10.
Hannotate SC,Supplement,macOS 10.
Hannotate TC,Supplement,macOS 10.
HanziPen SC,Supplement,macOS 10.
HanziPen TC,Supplement,macOS 10.
HeadLineA,Supplement,macOS 10.
Hei,Supplement,macOS 10.
Hiragino Sans CNS,Supplement,macOS 10.
Kai,Supplement,macOS 10.
Kaiti SC,Supplement,macOS 10.
Kaiti TC,Supplement,macOS 10.
Klee,Supplement,macOS 10.
Lantinghei SC,Supplement,macOS 10.
Lantinghei TC,Supplement,macOS 10.
LiHei Pro,Supplement,macOS 10.
LiSong Pro,Supplement,macOS 10.
Libian SC,Supplement,macOS 10.
Libian TC,Supplement,macOS 10.
LingWai SC,Supplement,macOS 10.
LingWai TC,Supplement,macOS 10.
Myriad Arabic,Supplement,macOS 10.
Nanum Brush Script,Supplement,macOS 10.
Nanum Pen Script,Supplement,macOS 10.
NanumGothic,Supplement,macOS 10.
NanumMyeongjo,Supplement,macOS 10.
Osaka,Supplement,macOS 10.
Osaka-Mono,Supplement,macOS 10.
PCMyungjo,Supplement,macOS 10.
PilGi,Supplement,macOS 10.
STFangsong,Supplement,macOS 10.
STHeiti,Supplement,macOS 10.
STIX Two Math,Supplement,macOS 10.
STIX Two Text,Supplement,macOS 10.
STKaiti,Supplement,macOS 10.
STXihei,Supplement,macOS 10.
Toppan Bunkyu Gothic,Supplement,macOS 10.
Toppan Bunkyu Midashi Gothic,Supplement,macOS 10.
Toppan Bunkyu Midashi Mincho,Supplement,macOS 10.
Toppan Bunkyu Mincho,Supplement,macOS 10.
Tsukushi A Round Gothic,Supplement,macOS 10.
Tsukushi B Round Gothic,Supplement,macOS 10.
Wawati SC,Supplement,macOS 10.
Wawati TC,Supplement,macOS 10.
Weibei SC,Supplement,macOS 10.
Weibei TC,Supplement,macOS 10.
Xingkai SC,Supplement,macOS 10.
Xingkai TC,Supplement,macOS 10.
YuGothic,Supplement,macOS 10.
YuKyokasho,Supplement,macOS 10.
YuKyokasho Yoko,Supplement,macOS 10.
YuMincho +36p Kana,Supplement,macOS 10.
YuMincho,Supplement,macOS 10.
Yuanti SC,Supplement,macOS 10.
Yuanti TC,Supplement,macOS 10.
Yuppy SC,Supplement,macOS 10.
Yuppy TC,Supplement,macOS 10.